sensor_id,known,x,y
0,True,0.5,0.3
1,True,0.3,0.7
2,True,0.7,0.7
3,False,0.57477369,0.90694642
4,False,0.36506426, 0.09911924
5,False,0.45782215, 0.23498869
6,False,0.22476026, 0.48158204
7,False,0.85457195, 0.03917634
8,False,0.55181562, 0.73552672
9,False,0.13496753, 0.81979704
10,False,0.85582249, 0.78137413
